API_Type,general_keyword_네이버쇼핑,language,keyword
Gemini,차량용트렁크정리함,en,Car Trunk Organizer
Gemini,차량용트렁크정리함,en,Automotive Cargo Storage Box
Gemini,차량용트렁크정리함,en,Vehicle Boot Organizer Container
Gemini,차량용트렁크정리함,zh,汽车后备箱收纳箱
Gemini,차량용트렁크정리함,zh,车载储物箱
Gemini,차량용트렁크정리함,zh,车辆行李箱整理器
Gemini,차량용타이어공기압주입기,en,car tire inflator
Gemini,차량용타이어공기압주입기,en,portable tire air pump
Gemini,차량용타이어공기압주입기,en,automotive tire compressor
Gemini,차량용타이어공기압주입기,en,vehicle air pump for tires
Gemini,차량용타이어공기압주입기,zh,汽车轮胎充气泵
Gemini,차량용타이어공기압주입기,zh,车载充气泵
Gemini,차량용타이어공기압주입기,zh,汽车打气机
Gemini,차량용타이어공기압주입기,zh,轮胎充气机
Gemini,차량용무선충전기실리콘패드,en,Car Wireless Charger Silicone Pad
Gemini,차량용무선충전기실리콘패드,en,Automotive Wireless Charging Pad Silicone
Gemini,차량용무선충전기실리콘패드,en,Vehicle Wireless Charging Mat Silicone
Gemini,차량용무선충전기실리콘패드,zh,车载无线充电器硅胶垫
Gemini,차량용무선충전기실리콘패드,zh,汽车无线充电垫 硅胶
Gemini,차량용무선충전기실리콘패드,zh,车辆无线充电垫 硅胶
ChatGPT,차량용트렁크정리함,en,Car Trunk Organizer
ChatGPT,차량용트렁크정리함,en,Vehicle Trunk Storage Box
ChatGPT,차량용트렁크정리함,zh,汽车后备箱整理箱
ChatGPT,차량용트렁크정리함,zh,车辆后备箱储物盒
ChatGPT,차량용타이어공기압주입기,en,Car Tire Inflator
ChatGPT,차량용타이어공기압주입기,en,Vehicle Tire Air Pump
ChatGPT,차량용타이어공기압주입기,zh,车用轮胎充气泵
ChatGPT,차량용타이어공기압주입기,zh,车辆轮胎打气机
ChatGPT,차량용무선충전기실리콘패드,en,Car Wireless Charger Silicone Pad
ChatGPT,차량용무선충전기실리콘패드,en,Vehicle Wireless Charging Silicone Mat
ChatGPT,차량용무선충전기실리콘패드,zh,车载无线充电硅胶垫
ChatGPT,차량용무선충전기실리콘패드,zh,汽车无线充电硅胶垫
